{
    "90": [
        442.44191919191917,
        77.29040404040404
    ],
    "89": [
        443.6590909090909,
        94.33080808080808
    ],
    "88": [
        443.6590909090909,
        155.18939393939394
    ],
    "87": [
        443.6590909090909,
        168.57828282828282
    ],
    "86": [
        376.7146464646465,
        168.57828282828282
    ],
    "85": [
        376.7146464646465,
        183.18434343434342
    ],
    "84": [
        376.7146464646465,
        168.57828282828282
    ],
    "83": [
        377.9318181818182,
        256.2146464646465
    ],
    "82": [
        444.8762626262626,
        254.99747474747474
    ],
    "81": [
        444.8762626262626,
        265.9520202020202
    ],
    "80": [
        309.770202020202,
        324.3762626262626
    ],
    "79": [
        309.770202020202,
        335.3308080808081
    ],
    "78": [
        309.770202020202,
        324.3762626262626
    ],
    "77": [
        377.9318181818182,
        334.1136363636364
    ],
    "76": [
        377.9318181818182,
        348.71969696969694
    ],
    "75": [
        312.20454545454544,
        351.1540404040404
    ],
    "74": [
        312.20454545454544,
        359.67424242424244
    ],
    "73": [
        312.20454545454544,
        424.1843434343434
    ],
    "72": [
        377.9318181818182,
        422.9671717171717
    ],
    "71": [
        377.9318181818182,
        437.57323232323233
    ],
    "70": [
        446.09343434343435,
        436.35606060606057
    ],
    "69": [
        312.20454545454544,
        438.79040404040404
    ],
    "68": [
        312.20454545454544,
        446.09343434343435
    ],
    "67": [
        313.42171717171715,
        536.1641414141413
    ],
    "66": [
        313.42171717171715,
        521.5580808080808
    ],
    "65": [
        379.1489898989899,
        536.1641414141413
    ],
    "64": [
        380.3661616161616,
        562.9419191919192
    ],
    "63": [
        380.3661616161616,
        609.1944444444445
    ],
    "62": [
        380.3661616161616,
        631.1035353535353
    ],
    "61": [
        381.5833333333333,
        684.6590909090909
    ],
    "60": [
        381.5833333333333,
        701.6994949494949
    ],
    "59": [
        448.52777777777777,
        701.6994949494949
    ],
    "58": [
        448.52777777777777,
        709.0025252525252
    ],
    "57": [
        326.81060606060606,
        702.9166666666666
    ],
    "56": [
        447.31060606060606,
        446.09343434343435
    ],
    "55": [
        312.20454545454544,
        410.7954545454545
    ],
    "54": [
        444.8762626262626,
        348.71969696969694
    ],
    "53": [
        444.8762626262626,
        356.02272727272725
    ],
    "52": [
        312.20454545454544,
        256.2146464646465
    ],
    "51": [
        312.20454545454544,
        268.3863636363636
    ],
    "50": [
        376.7146464646465,
        241.60858585858585
    ],
    "49": [
        375.4974747474747,
        77.29040404040404
    ],
    "48": [
        375.4974747474747,
        96.76515151515152
    ],
    "47": [
        374.280303030303,
        65.11868686868686
    ],
    "46": [
        309.770202020202,
        79.72474747474747
    ],
    "45": [
        309.770202020202,
        95.54797979797979
    ],
    "44": [
        326.81060606060606,
        711.4368686868687
    ],
    "43": [
        328.02777777777777,
        764.9924242424242
    ],
    "42": [
        328.02777777777777,
        780.8156565656566
    ],
    "41": [
        246.47727272727272,
        782.0328282828283
    ],
    "40": [
        240.39141414141415,
        34.68939393939394
    ],
    "39": [
        107.71969696969697,
        35.906565656565654
    ],
    "38": [
        107.71969696969697,
        54.16414141414141
    ],
    "37": [
        107.71969696969697,
        116.23989898989899
    ],
    "36": [
        107.71969696969697,
        135.71464646464645
    ],
    "35": [
        135.71464646464645,
        135.71464646464645
    ],
    "34": [
        135.71464646464645,
        146.66919191919192
    ],
    "33": [
        189.27020202020202,
        135.71464646464645
    ],
    "32": [
        189.27020202020202,
        144.23484848484847
    ],
    "31": [
        80.94191919191918,
        136.9318181818182
    ],
    "30": [
        28.603535353535353,
        136.9318181818182
    ],
    "29": [
        28.603535353535353,
        149.10353535353534
    ],
    "28": [
        80.94191919191918,
        149.10353535353534
    ],
    "27": [
        28.603535353535353,
        202.6590909090909
    ],
    "26": [
        28.603535353535353,
        231.87121212121212
    ],
    "25": [
        110.1540404040404,
        231.87121212121212
    ],
    "24": [
        110.1540404040404,
        241.60858585858585
    ],
    "23": [
        108.93686868686868,
        306.11868686868684
    ],
    "22": [
        108.93686868686868,
        325.59343434343435
    ],
    "21": [
        29.82070707070707,
        325.59343434343435
    ],
    "20": [
        29.82070707070707,
        341.41666666666663
    ],
    "19": [
        29.82070707070707,
        404.70959595959596
    ],
    "18": [
        29.82070707070707,
        414.4469696969697
    ],
    "17": [
        107.71969696969697,
        413.229797979798
    ],
    "16": [
        107.71969696969697,
        438.79040404040404
    ],
    "15": [
        190.48737373737373,
        438.79040404040404
    ],
    "14": [
        190.48737373737373,
        455.8308080808081
    ],
    "13": [
        31.037878787878785,
        447.31060606060606
    ],
    "12": [
        32.255050505050505,
        515.4722222222222
    ],
    "11": [
        32.255050505050505,
        541.0328282828283
    ],
    "10": [
        112.58838383838383,
        541.0328282828283
    ],
    "9": [
        112.58838383838383,
        550.770202020202
    ],
    "8": [
        110.1540404040404,
        614.0631313131313
    ],
    "7": [
        111.37121212121211,
        628.6691919191919
    ],
    "6": [
        111.37121212121211,
        674.9217171717171
    ],
    "5": [
        111.37121212121211,
        682.2247474747475
    ],
    "4": [
        111.37121212121211,
        735.780303030303
    ],
    "3": [
        112.58838383838383,
        754.0378787878788
    ],
    "2": [
        190.48737373737373,
        324.3762626262626
    ],
    "1": [
        190.48737373737373,
        336.5479797979798
    ]
}