{"2": [209.8839576547231, 135.90187296416937], "1": [208.27565146579803, 169.6763029315961], "3": [200.23412052117263, 270.9995928338762], "4": [198.62581433224756, 341.7650651465798], "7": [224.35871335504885, 343.3733713355049], "8": [225.96701954397392, 375.5394951140065], "5": [174.50122149837134, 343.3733713355049], "6": [177.7178338762215, 377.14780130293155], "9": [176.1095276872964, 480.0793973941368], "10": [177.7178338762215, 510.63721498371336], "13": [180.93444625407164, 529.9368892508143], "14": [225.96701954397392, 478.47109120521174], "15": [225.96701954397392, 529.9368892508143], "16": [65.13640065146579, 669.8595276872963], "17": [66.74470684039088, 714.8921009771987], "18": [45.836726384364816, 714.8921009771987], "19": [47.4450325732899, 753.4914495114007], "20": [84.43607491856677, 714.8921009771987], "21": [84.43607491856677, 753.4914495114007], "22": [174.50122149837134, 682.725977198697], "23": [176.1095276872964, 732.5834690553745], "24": [224.35871335504885, 689.1592019543974], "25": [225.96701954397392, 721.325325732899], "26": [172.89291530944624, 845.1649022801303], "27": [172.89291530944624, 914.3220684039088], "28": [221.14210097719868, 880.5476384364821], "29": [219.5337947882736, 920.7552931596091], "30": [169.6763029315961, 1030.1201140065145], "31": [169.6763029315961, 1052.6364006514657], "32": [219.5337947882736, 1022.0785830618892], "33": [221.14210097719868, 1047.8114820846906], "34": [169.6763029315961, 1178.084283387622], "35": [169.6763029315961, 1205.4254885993485], "11": [71.56962540716611, 526.7202768729642], "12": [71.56962540716611, 510.63721498371336]}