{
    "0": [
        273.75,
        939.25
    ],
    "1": [
        486.5,
        615.0
    ],
    "2": [
        491.485,
        1287.01
    ],
    "3": [
        486.5,
        288.0063333333333
    ],
    "4": [
        817.5,
        684.0
    ],
    "5": [
        600.5,
        362.0
    ],
    "6": [
        488.5,
        210.019
    ],
    "7": [
        817.5,
        1297.0
    ],
    "8": [
        164.5,
        417.0
    ],
    "9": [
        709.251,
        362.212
    ],
    "10": [
        378.502,
        423.928
    ],
    "11": [
        380.754,
        360.47950000000003
    ],
    "12": [
        493.2365,
        937.238
    ],
    "13": [
        380.75,
        289.25
    ],
    "14": [
        165.5,
        549.981
    ],
    "15": [
        821.5,
        1130.97
    ],
    "16": [
        491.5,
        1000.98
    ],
    "17": [
        163.75,
        361.25
    ],
    "18": [
        486.5,
        693.0
    ],
    "19": [
        820.5,
        1085.97
    ],
    "20": [
        488.5,
        431.0
    ],
    "21": [
        599.5,
        399.0
    ],
    "22": [
        268.499,
        1287.05
    ],
    "23": [
        817.5,
        1250.0
    ],
    "24": [
        705.502,
        421.924
    ],
    "25": [
        381.15766666666667,
        938.0033333333334
    ],
    "26": [
        492.5,
        1153.01
    ],
    "27": [
        273.514,
        1139.05
    ],
    "28": [
        489.5046666666667,
        361.991
    ],
    "29": [
        818.5,
        854.979
    ],
    "30": [
        819.486,
        923.979
    ],
    "31": [
        272.5,
        415.972
    ],
    "32": [
        274.5,
        1001.0
    ],
    "33": [
        270.5,
        360.99066666666664
    ],
    "34": [
        816.75,
        287.75
    ],
    "35": [
        167.513,
        704.98
    ],
    "36": [
        379.5,
        622.01
    ]
}